{
  "version": "1.1.1",
  "windows": {
    "main": {
      "main": true,
      "url": "app://editor/index.html",
      "windowType": "dockable",
      "x": 0,
      "y": 25,
      "width": 1920,
      "height": 965,
      "layout": {
        "type": "dock-h",
        "children": [
          {
            "width": 306,
            "height": 878,
            "type": "dock-v",
            "children": [
              {
                "width": 306,
                "height": 416,
                "type": "panel",
                "active": 0,
                "children": [
                  "hierarchy"
                ]
              },
              {
                "width": 306,
                "height": 459,
                "type": "panel",
                "active": 0,
                "children": [
                  "assets"
                ]
              }
            ]
          },
          {
            "width": 1255,
            "height": 878,
            "type": "dock-v",
            "children": [
              {
                "width": 1255,
                "height": 608.984375,
                "type": "panel",
                "active": 0,
                "children": [
                  "scene"
                ]
              },
              {
                "width": 1255,
                "height": 266,
                "type": "panel",
                "active": 0,
                "children": [
                  "console",
                  "timeline",
                  "game-window"
                ]
              }
            ]
          },
          {
            "width": 353,
            "height": 878,
            "type": "panel",
            "active": 0,
            "children": [
              "inspector",
              "cocos-services"
            ]
          }
        ]
      },
      "panels": [
        "hierarchy",
        "assets",
        "scene",
        "console",
        "timeline",
        "game-window",
        "inspector",
        "cocos-services"
      ]
    },
    "window-1654005036036": {},
    " build-worker-worker": {}
  },
  "panels": {
    "project-settings": {
      "x": 680,
      "y": 218,
      "width": 584,
      "height": 554
    },
    "builder": {
      "x": 710,
      "y": 118,
      "width": 500,
      "height": 728
    }
  },
  "panelLabelWidth": {}
}
