{
  "9836134e-b892-4283-b6b2-78b5acf3ed45": {
    "asset": 1649745263000,
    "meta": 1653994084462,
    "relativePath": "effects"
  },
  "f8e6b000-5643-4b86-9080-aa680ce1f599": {
    "asset": 1649745263000,
    "meta": 1653994084464,
    "relativePath": "image"
  },
  "5c3eedba-6c41-4c0c-9ba7-d91f813cbd1c": {
    "asset": 1649745263000,
    "meta": 1653994084464,
    "relativePath": "materials"
  },
  "fc09f9bd-2cce-4605-b630-8145ef809ed6": {
    "asset": 1649745263000,
    "meta": 1653994084465,
    "relativePath": "misc"
  },
  "db019bf7-f71c-4111-98cf-918ea180cb48": {
    "asset": 1649745263000,
    "meta": 1653994084466,
    "relativePath": "model"
  },
  "f6e6dd15-71d1-4ffe-ace7-24fd39942c05": {
    "asset": 1649745263000,
    "meta": 1653994084467,
    "relativePath": "obsolete"
  },
  "f743d2b6-b7ea-4c14-a55b-547ed4d0a045": {
    "asset": 1649745263000,
    "meta": 1653994084467,
    "relativePath": "particle"
  },
  "ae6c6c98-11e4-452f-8758-75f5c6a56e83": {
    "asset": 1649745263000,
    "meta": 1653994084468,
    "relativePath": "prefab"
  },
  "d8afc78c-4eac-4a9f-83dd-67bc70344d33": {
    "asset": 1649745263000,
    "meta": 1653994084469,
    "relativePath": "resources"
  },
  "430eccbf-bf2c-4e6e-8c0c-884bbb487f32": {
    "asset": 1649745263000,
    "meta": 1653994084501,
    "relativePath": "effects/__builtin-editor-gizmo-line.effect"
  },
  "6c5cf6e1-b044-4eac-9431-835644d57381": {
    "asset": 1649745263000,
    "meta": 1653994084515,
    "relativePath": "effects/__builtin-editor-gizmo-unlit.effect"
  },
  "115286d1-2e10-49ee-aab4-341583f607e8": {
    "asset": 1649745263000,
    "meta": 1653994084551,
    "relativePath": "effects/__builtin-editor-gizmo.effect"
  },
  "abc2cb62-7852-4525-a90d-d474487b88f2": {
    "asset": 1649745263000,
    "meta": 1653994084675,
    "relativePath": "effects/builtin-phong.effect"
  },
  "e2f00085-c597-422d-9759-52c360279106": {
    "asset": 1649745263000,
    "meta": 1653994084748,
    "relativePath": "effects/builtin-toon.effect"
  },
  "b43ff3c2-02bb-4874-81f7-f2dea6970f18": {
    "asset": 1649745263000,
    "meta": 1653994084886,
    "relativePath": "image/default_btn_pressed.png"
  },
  "71561142-4c83-4933-afca-cb7a17f67053": {
    "asset": 1649745263000,
    "meta": 1653994084902,
    "relativePath": "image/default_btn_disabled.png"
  },
  "e851e89b-faa2-4484-bea6-5c01dd9f06e2": {
    "asset": 1649745263000,
    "meta": 1653994084904,
    "relativePath": "image/default_btn_normal.png"
  },
  "edd215b9-2796-4a05-aaf5-81f96c9281ce": {
    "asset": 1649745263000,
    "meta": 1653994084939,
    "relativePath": "image/default_editbox_bg.png"
  },
  "600301aa-3357-4a10-b086-84f011fa32ba": {
    "asset": 1649745263000,
    "meta": 1653994084947,
    "relativePath": "image/default-particle.png"
  },
  "cfef78f1-c8df-49b7-8ed0-4c953ace2621": {
    "asset": 1649745263000,
    "meta": 1653994084953,
    "relativePath": "image/default_progressbar.png"
  },
  "d81ec8ad-247c-4e62-aa3c-d35c4193c7af": {
    "asset": 1649745263000,
    "meta": 1653994084955,
    "relativePath": "image/default_panel.png"
  },
  "9d60001f-b5f4-4726-a629-2659e3ded0b8": {
    "asset": 1649745263000,
    "meta": 1653994085011,
    "relativePath": "image/default_radio_button_on.png"
  },
  "99170b0b-d210-46f1-b213-7d9e3f23098a": {
    "asset": 1649745263000,
    "meta": 1653994085012,
    "relativePath": "image/default_progressbar_bg.png"
  },
  "567dcd80-8bf4-4535-8a5a-313f1caf078a": {
    "asset": 1649745263000,
    "meta": 1653994085019,
    "relativePath": "image/default_radio_button_off.png"
  },
  "0291c134-b3da-4098-b7b5-e397edbe947f": {
    "asset": 1649745263000,
    "meta": 1653994085021,
    "relativePath": "image/default_scrollbar.png"
  },
  "d6d3ca85-4681-47c1-b5dd-d036a9d39ea2": {
    "asset": 1649745263000,
    "meta": 1653994085049,
    "relativePath": "image/default_scrollbar_vertical.png"
  },
  "4bab67cb-18e6-4099-b840-355f0473f890": {
    "asset": 1649745263000,
    "meta": 1653994085053,
    "relativePath": "image/default_scrollbar_bg.png"
  },
  "6e056173-d285-473c-b206-40a7fff5386e": {
    "asset": 1649745263000,
    "meta": 1653994085064,
    "relativePath": "image/default_sprite.png"
  },
  "617323dd-11f4-4dd3-8eec-0caf6b3b45b9": {
    "asset": 1649745263000,
    "meta": 1653994085065,
    "relativePath": "image/default_scrollbar_vertical_bg.png"
  },
  "0275e94c-56a7-410f-bd1a-fc7483f7d14a": {
    "asset": 1649745263000,
    "meta": 1653994085092,
    "relativePath": "image/default_sprite_splash.png"
  },
  "c25b9d50-c8fc-4d27-beeb-6e7c1f2e5c0f": {
    "asset": 1649745263000,
    "meta": 1653994085096,
    "relativePath": "image/default_toggle_disabled.png"
  },
  "73a0903d-d80e-4e3c-aa67-f999543c08f5": {
    "asset": 1649745263000,
    "meta": 1653994085099,
    "relativePath": "image/default_toggle_checkmark.png"
  },
  "e39e96e6-6f6e-413f-bcf1-ac7679bb648a": {
    "asset": 1649745263000,
    "meta": 1653994085104,
    "relativePath": "model/prefab"
  },
  "c4480a0a-6ac5-443f-8b40-361a14257fc8": {
    "asset": 1649745263000,
    "meta": 1653994086409,
    "relativePath": "materials/builtin-phong.mtl"
  },
  "d29077ba-1627-4a72-9579-7b56a235340c": {
    "asset": 1649745263000,
    "meta": 1653994085100,
    "relativePath": "image/default_toggle_normal.png"
  },
  "2be36297-9abb-4fee-8049-9ed5e271da8a": {
    "asset": 1649745263000,
    "meta": 1653994085986,
    "relativePath": "misc/default_video.mp4"
  },
  "b181c1e4-0a72-4a91-bfb0-ae6f36ca60bd": {
    "asset": 1649745263000,
    "meta": 1653994085995,
    "relativePath": "image/default_toggle_pressed.png"
  },
  "8a96b965-2dc0-4e03-aa90-3b79cb93b5b4": {
    "asset": 1649745263000,
    "meta": 1653994086005,
    "relativePath": "obsolete/atom.png"
  },
  "897ef7a1-4860-4f64-968d-f5924b18668a": {
    "asset": 1649745263000,
    "meta": 1653994086008,
    "relativePath": "prefab/2d-camera.prefab"
  },
  "70d7cdb0-04cd-41bb-9480-c06a4785f386": {
    "asset": 1649745263000,
    "meta": 1653994086011,
    "relativePath": "prefab/3d-camera.prefab"
  },
  "70bbeb73-6dc2-4ee4-8faf-76b3a0e34ec4": {
    "asset": 1649745263000,
    "meta": 1653994086015,
    "relativePath": "prefab/3d-particle.prefab"
  },
  "ed88f13d-fcad-4848-aa35-65a2cb973584": {
    "asset": 1649745263000,
    "meta": 1653994086019,
    "relativePath": "prefab/3d-stage.prefab"
  },
  "972b9a4d-47ee-4c74-b5c3-61d8a69bc29f": {
    "asset": 1649745263000,
    "meta": 1653994086023,
    "relativePath": "prefab/button.prefab"
  },
  "d0a82d39-bede-46c4-b698-c81ff0dedfff": {
    "asset": 1649745263000,
    "meta": 1653994086024,
    "relativePath": "particle/atom.png"
  },
  "2c937608-2562-40ea-b264-7395df6f0cea": {
    "asset": 1649745263000,
    "meta": 1653994086027,
    "relativePath": "prefab/canvas.prefab"
  },
  "b8223619-7e38-47c4-841f-9160c232495a": {
    "asset": 1649745263000,
    "meta": 1653994086426,
    "relativePath": "obsolete/atom.plist"
  },
  "61aeb05b-3b32-452b-8eed-2b76deeed554": {
    "asset": 1649745263000,
    "meta": 1653994086030,
    "relativePath": "prefab/editbox.prefab"
  },
  "a3ee0214-b432-4865-9666-4a3211814282": {
    "asset": 1649745263000,
    "meta": 1653994086031,
    "relativePath": "prefab/light"
  },
  "27756ebb-3d33-44b0-9b96-e858fadd4dd4": {
    "asset": 1649745263000,
    "meta": 1653994086032,
    "relativePath": "prefab/label.prefab"
  },
  "785a442c-3ceb-45be-a46e-7317f625f3b9": {
    "asset": 1649745263000,
    "meta": 1653994086035,
    "relativePath": "prefab/layout.prefab"
  },
  "b2687ac4-099e-403c-a192-ff477686f4f5": {
    "asset": 1649745263000,
    "meta": 1653994086428,
    "relativePath": "particle/atom.plist"
  },
  "ca8401fe-ad6e-41a8-bd46-8e3e4e9945be": {
    "asset": 1649745263000,
    "meta": 1653994086040,
    "relativePath": "prefab/pageview.prefab"
  },
  "cd33edea-55f5-46c2-958d-357a01384a36": {
    "asset": 1649745263000,
    "meta": 1653994086042,
    "relativePath": "prefab/particlesystem.prefab"
  },
  "5965ffac-69da-4b55-bcde-9225d0613c28": {
    "asset": 1649745263000,
    "meta": 1653994086044,
    "relativePath": "prefab/progressBar.prefab"
  },
  "4a37dd57-78cd-4cec-aad4-f11a73d12b63": {
    "asset": 1649745263000,
    "meta": 1653994086049,
    "relativePath": "prefab/richtext.prefab"
  },
  "32044bd2-481f-4cf1-a656-e2b2fb1594eb": {
    "asset": 1649745263000,
    "meta": 1653994086052,
    "relativePath": "prefab/scrollview.prefab"
  },
  "0004d1cf-a0ad-47d8-ab17-34d3db9d35a3": {
    "asset": 1649745263000,
    "meta": 1653994086057,
    "relativePath": "prefab/slider.prefab"
  },
  "96083d03-c332-4a3f-9386-d03e2d19e8ee": {
    "asset": 1649745263000,
    "meta": 1653994086069,
    "relativePath": "prefab/sprite.prefab"
  },
  "1f55e3be-b89b-4b79-88de-47fd31018044": {
    "asset": 1649745263000,
    "meta": 1653994086071,
    "relativePath": "prefab/sprite_splash.prefab"
  },
  "7de03a80-4457-438d-95a7-3e7cdffd6086": {
    "asset": 1649745263000,
    "meta": 1653994086074,
    "relativePath": "prefab/tiledmap.prefab"
  },
  "0e42ba95-1fa1-46aa-b2cf-143cd1bcee2c": {
    "asset": 1649745263000,
    "meta": 1653994086080,
    "relativePath": "prefab/tiledtile.prefab"
  },
  "0d784963-d024-4ea6-a7db-03be0ad63010": {
    "asset": 1649745263000,
    "meta": 1653994086085,
    "relativePath": "prefab/toggle.prefab"
  },
  "bf0a434c-84dd-4a8e-a08a-7a36f180cc75": {
    "asset": 1649745263000,
    "meta": 1653994086090,
    "relativePath": "prefab/toggleContainer.prefab"
  },
  "d1b8be49-b0a0-435c-83b7-552bed4bbe35": {
    "asset": 1649745263000,
    "meta": 1653994086100,
    "relativePath": "prefab/toggleGroup.prefab"
  },
  "294c1663-4adf-4a1e-a795-53808011a38a": {
    "asset": 1649745263000,
    "meta": 1653994086101,
    "relativePath": "resources/effects"
  },
  "bbee2217-c261-49bd-a8ce-708d6bcc3500": {
    "asset": 1649745263000,
    "meta": 1653994086102,
    "relativePath": "resources/materials"
  },
  "232d2782-c4bd-4bb4-9e01-909f03d6d3b9": {
    "asset": 1649745263000,
    "meta": 1653994086104,
    "relativePath": "prefab/videoplayer.prefab"
  },
  "8c5001fd-07ee-4a4b-a8a0-63e15195e94d": {
    "asset": 1649745263000,
    "meta": 1653994086105,
    "relativePath": "prefab/webview.prefab"
  },
  "a87cc147-01b2-43f8-8e42-a7ca90b0c757": {
    "asset": 1649745263000,
    "meta": 1653994086141,
    "relativePath": "model/prefab/box.prefab"
  },
  "fe1417b6-fe6b-46a4-ae7c-9fd331f33a2a": {
    "asset": 1649745263000,
    "meta": 1653994086143,
    "relativePath": "model/prefab/capsule.prefab"
  },
  "b5fc2cf2-7942-483d-be1f-bbeadc4714ad": {
    "asset": 1649745263000,
    "meta": 1653994086149,
    "relativePath": "model/prefab/cone.prefab"
  },
  "1c5e4038-953a-44c2-b620-0bbfc6170477": {
    "asset": 1649745263000,
    "meta": 1653994086153,
    "relativePath": "model/prefab/cylinder.prefab"
  },
  "3f376125-a699-40ca-ad05-04d662eaa1f2": {
    "asset": 1649745263000,
    "meta": 1653994086155,
    "relativePath": "model/prefab/plane.prefab"
  },
  "6c9ef10d-b479-420b-bfe6-39cdda6a8ae0": {
    "asset": 1649745263000,
    "meta": 1653994086160,
    "relativePath": "model/prefab/quad.prefab"
  },
  "2d9a4b85-b0ab-4c46-84c5-18f393ab2058": {
    "asset": 1649745263000,
    "meta": 1653994086162,
    "relativePath": "model/prefab/sphere.prefab"
  },
  "de510076-056b-484f-b94c-83bef217d0e1": {
    "asset": 1649745263000,
    "meta": 1653994086165,
    "relativePath": "model/prefab/torus.prefab"
  },
  "61906da3-7003-4bda-9abc-5769c76faee4": {
    "asset": 1649745263000,
    "meta": 1653994086167,
    "relativePath": "prefab/light/ambient.prefab"
  },
  "30682f87-9f0d-4f17-8a44-72863791461b": {
    "asset": 1649745263000,
    "meta": 1653994086182,
    "relativePath": "resources/effects/builtin-2d-graphics.effect"
  },
  "144c3297-af63-49e8-b8ef-1cfa29b3be28": {
    "asset": 1649745263000,
    "meta": 1653994086190,
    "relativePath": "resources/effects/builtin-2d-gray-sprite.effect"
  },
  "f18742d7-56d2-4eb5-ae49-2d9d710b37c8": {
    "asset": 1649745263000,
    "meta": 1653994086201,
    "relativePath": "resources/effects/builtin-2d-label.effect"
  },
  "ddb99b39-7004-47cd-9705-751905c43c46": {
    "asset": 1649745263000,
    "meta": 1653994086202,
    "relativePath": "prefab/light/directional.prefab"
  },
  "0e93aeaa-0b53-4e40-b8e0-6268b4e07bd7": {
    "asset": 1649745263000,
    "meta": 1653994086213,
    "relativePath": "resources/effects/builtin-2d-spine.effect"
  },
  "0cf30284-9073-46bc-9eba-e62b69dbbff3": {
    "asset": 1649745263000,
    "meta": 1653994086215,
    "relativePath": "prefab/light/point.prefab"
  },
  "2874f8dd-416c-4440-81b7-555975426e93": {
    "asset": 1649745263000,
    "meta": 1653994086225,
    "relativePath": "resources/effects/builtin-2d-sprite.effect"
  },
  "f5331fd2-bf42-4ee3-a3fd-3e1657600eff": {
    "asset": 1649745263000,
    "meta": 1653994086226,
    "relativePath": "prefab/light/spot.prefab"
  },
  "829a282c-b049-4019-bd38-5ace8d8a6417": {
    "asset": 1649745263000,
    "meta": 1653994086324,
    "relativePath": "resources/effects/builtin-3d-particle.effect"
  },
  "2a7c0036-e0b3-4fe1-8998-89a54b8a2bec": {
    "asset": 1649745263000,
    "meta": 1653994086351,
    "relativePath": "resources/effects/builtin-3d-trail.effect"
  },
  "c0040c95-c57f-49cd-9cbc-12316b73d0d4": {
    "asset": 1649745263000,
    "meta": 1653994086356,
    "relativePath": "resources/effects/builtin-clear-stencil.effect"
  },
  "6d91e591-4ce0-465c-809f-610ec95019c6": {
    "asset": 1649745263000,
    "meta": 1653994086377,
    "relativePath": "resources/effects/builtin-unlit.effect"
  },
  "6f801092-0c37-4f30-89ef-c8d960825b36": {
    "asset": 1649745263000,
    "meta": 1653994086469,
    "relativePath": "resources/materials/builtin-2d-base.mtl"
  },
  "3a7bb79f-32fd-422e-ada2-96f518fed422": {
    "asset": 1649745263000,
    "meta": 1653994086470,
    "relativePath": "resources/materials/builtin-2d-gray-sprite.mtl"
  },
  "e02d87d4-e599-4d16-8001-e14891ac6506": {
    "asset": 1649745263000,
    "meta": 1653994086471,
    "relativePath": "resources/materials/builtin-2d-label.mtl"
  },
  "a153945d-2511-4c14-be7b-05d242f47d57": {
    "asset": 1649745263000,
    "meta": 1653994086472,
    "relativePath": "resources/materials/builtin-2d-graphics.mtl"
  },
  "7afd064b-113f-480e-b793-8817d19f63c3": {
    "asset": 1649745263000,
    "meta": 1653994086473,
    "relativePath": "resources/materials/builtin-2d-spine.mtl"
  },
  "432fa09c-cf03-4cff-a186-982604408a07": {
    "asset": 1649745263000,
    "meta": 1653994086474,
    "relativePath": "resources/materials/builtin-3d-particle.mtl"
  },
  "eca5d2f2-8ef6-41c2-bbe6-f9c79d09c432": {
    "asset": 1649745263000,
    "meta": 1653994086476,
    "relativePath": "resources/materials/builtin-2d-sprite.mtl"
  },
  "466d4f9b-e5f4-4ea8-85d5-3c6e9a65658a": {
    "asset": 1649745263000,
    "meta": 1653994086477,
    "relativePath": "resources/materials/builtin-3d-trail.mtl"
  },
  "cf7e0bb8-a81c-44a9-ad79-d28d43991032": {
    "asset": 1649745263000,
    "meta": 1653994086478,
    "relativePath": "resources/materials/builtin-clear-stencil.mtl"
  },
  "2a296057-247c-4a1c-bbeb-0548b6c98650": {
    "asset": 1649745263000,
    "meta": 1653994086479,
    "relativePath": "resources/materials/builtin-unlit.mtl"
  },
  "954fec8b-cd16-4bb9-a3b7-7719660e7558": {
    "asset": 1649745263000,
    "meta": 1653994089830,
    "relativePath": "model/primitives.fbx"
  },
  "b7ab386a-0f80-4e7f-9561-00e680adb92c": {
    "asset": 1654003474558,
    "meta": 1654004420265,
    "relativePath": "Resources"
  },
  "2a9a4b86-55e4-4d27-91f2-db86b9550373": {
    "asset": 1653994190706,
    "meta": 1654004420265,
    "relativePath": "Scenes"
  },
  "cbf06733-bd41-4006-947d-e6f83958c208": {
    "asset": 1653994313745,
    "meta": 1654004420266,
    "relativePath": "Scripts"
  },
  "1382262b-bec3-470b-917b-13008e25e0f1": {
    "asset": 1653994174805,
    "meta": 1653994174806,
    "relativePath": "Animation"
  },
  "2a5a0391-2cad-48d4-882d-41ebab33edad": {
    "asset": 1654004381906,
    "meta": 1654004381914,
    "relativePath": "Scenes/main.fire"
  },
  "3d02209d-16ce-4b86-97a3-8a38760b1dc6": {
    "asset": 1653995259899,
    "meta": 1653995267493,
    "relativePath": "Resources/fire.png"
  },
  "1edda51f-a6f0-4de3-b5e3-78376605a91a": {
    "asset": 1653995438807,
    "meta": 1653995438822,
    "relativePath": "Resources/brick.png"
  },
  "6364df56-ac41-4742-92b1-7ed8c7435d56": {
    "asset": 1653995698883,
    "meta": 1653995698907,
    "relativePath": "Resources/Products/2821b.atlas.txt"
  },
  "a2424b73-7e36-4809-9a45-72c082bc3bc3": {
    "asset": 1653995698884,
    "meta": 1653995698972,
    "relativePath": "Resources/Products/2821b.json"
  },
  "dffa6b6b-11a9-48a1-964e-a2ec6a330a31": {
    "asset": 1653995698889,
    "meta": 1653995698948,
    "relativePath": "Resources/Products/2821b.png"
  },
  "f8c68007-ff4c-459b-8e46-d80b1e8bcd6d": {
    "asset": 1653996057154,
    "meta": 1654004420267,
    "relativePath": "Resources/Products"
  },
  "921b9d9c-8d34-4339-bc1f-4ff3323d3135": {
    "asset": 1653996049793,
    "meta": 1653996049806,
    "relativePath": "Resources/pinholder.png"
  },
  "e738dcbe-9ca8-40d4-bfa8-a74544a79ed9": {
    "asset": 1653996053202,
    "meta": 1653996053217,
    "relativePath": "Resources/clip.png"
  },
  "224cbc8a-b19e-43cd-84ef-d95fa0f6d56d": {
    "asset": 1653996057153,
    "meta": 1653996057166,
    "relativePath": "Resources/Products/pin1.png"
  },
  "8ed843ed-cf46-4476-8d30-a8c023fd82f6": {
    "asset": 1653999241680,
    "meta": 1653999241723,
    "relativePath": "Resources/box.png"
  },
  "19168ebb-2283-48f5-aac8-a5f174617bd7": {
    "asset": 1654000189422,
    "meta": 1654000196169,
    "relativePath": "Resources/food.png"
  },
  "034b283d-bc01-4078-a257-7cee55f53b42": {
    "asset": 1653995664000,
    "meta": 1654003478136,
    "relativePath": "Resources/bg.png"
  },
  "0deba0a4-dfd9-4bec-82f1-4a35628c914a": {
    "asset": 1654004811535,
    "meta": 1654004814565,
    "relativePath": "Scripts/game.js"
  }
}